date	pdf_uuid	gmail_thread_id
2024-08-30	f9625ff8-b183-4561-983b-e7ced3ba215a	191a5115276a5f3e
2024-08-31	d4721101-2ff3-4aa5-baf4-c67f39d5cd2c	191ab1303b85f3d1
2024-09-06	14ceef29-de11-45b6-90ae-a43b6cddc08c	191c858d9d5a21a4
2024-09-25	e4b61fa1-ae5e-42dd-bbd8-b0fb9858da30	192299752c50b895
2024-11-06	e26c439b-2b83-4a3b-a23b-06a647d5879d	193035a5a43747c8
2024-11-20	7c8cb2ef-deb3-4f9f-a2b7-62258c9839e6	1934acc07748ad82
2024-12-12	b859ed3b-2fda-4e26-be6e-352e7bf90d5b	193bb19406387d7d
2024-12-16	94a7d000-0ab7-49b0-8a6b-9f5521be10fa	193d16009c8de1d5
2024-12-17	8331b5d0-6559-4634-89da-94ef16f5d354	193d5a97457aa4c2
2024-12-19	2e4394aa-6c75-42ed-a4f1-84e85a1931a3	193dff05f8802924
2025-01-02	77fdf53b-bccd-4dc4-bf63-7dfa60ed0505	194283c0c1224ad0
2025-01-03	8ab16a07-8d66-4562-951a-299edd4caf14	1942d355c077b948
2025-01-04	78d4b81d-5c3f-4469-bc1e-f9cd6cf0d69f	1943264380751f41
2025-01-05	5e11523e-d5f1-43aa-b430-a34b6644a1dd	194382b32ccea5ff
2025-01-07	de15c3ad-79f7-4b25-b35a-cb7298ae24f8	1944227298a9420e
2025-01-08	603cfb62-d5f0-4af3-b402-7e5690a20530	194478b001e2bc3f
2025-01-09	f81f559b-4160-476b-b724-39de31416367	1944c695da08422c
2025-01-11	656fa563-cfbf-4f09-9225-a76993ee275b	19455d6a2c87d874
2025-01-12	d6ac72a3-3ec3-44eb-9eaf-020790509346	1945c0b6ebc3581c
2025-01-13	a42670f9-e06e-479c-9a30-9b4c71db951b	19461463bd647481
2025-01-15	70a0a928-b157-4efa-9355-6f76d24ed8ef	1946b59ef2858223
2025-01-17	639ef404-244c-45a7-b76e-c9c4eb420276	194764aa168853b4
2025-01-18	3269a5ce-9cb3-44ed-9562-1938cf2818fb	1947a9f823ca33de
2025-01-20	0a043ae3-41a4-4040-ab3a-101da7be9c1b	19485e75c58bf3fb
2025-01-21	3b9cdfda-0c1c-476f-bc43-847428a1cf64	1948a872eaee83dc
2025-01-23	7f33ed34-0d3e-4a47-8a00-b8d0d2d12fe3	1949526f7787bb7b
2025-01-28	54825759-68d8-4434-9ac7-79134c1eedd2	194ae6d65bc47fcf
2025-01-29	2fb5dccb-184b-4547-8bd0-cbe90afd56aa	194b358864ef1823
2025-02-01	18a098f2-3dda-4159-b83e-c4ec95654644	194c35f4309745f1
2025-02-18	0a6a3adb-7829-4a56-8a8e-c42e0f7b864a	1951a45eeb9093bf
2025-02-27	20a2a12b-5ef4-41f8-a7c6-2ce3f8894ed7	1954898d7beed24d
2025-03-01	a78bd32e-f4b0-48bb-be8b-98fb60576be5	19552b3b78b814f5
2025-03-11	5eefc6bb-69e7-45c4-8831-5dfd882b88ee	19585ffda1913bef
2025-03-24	d79ceb5b-6159-48bb-9228-b2025a590963	195ca7ce91807098
2025-03-26	aa54a80f-4b22-4e43-a597-51e1c4f19bc6	195d4a200b01d838
2025-04-01	5e6e524e-f3bf-4446-a56b-47dfb3737902	195f16eff92a2e13
2025-04-22	08051e54-9af5-4ea1-b9f9-ea771e293a98	1965f4e256f08119
2025-04-23	1170dc16-5f31-4af6-bc13-ddb5485295d2	196651545ab642c6
2025-04-24	1e088659-11ab-4698-8440-f97e46ef35a9	19668b733fc3d60b
2025-04-25	26f7509a-65ed-4376-a63f-81af2ff25c29	1966e06b13cc0aa8
2025-04-26	6a2ea15f-8544-4800-b639-e363819a9d8a	1967322c243898b7
2025-04-27	e4690447-f743-4e31-b442-dba7af315fc0	196781ee6c48cffc
2025-04-28	813fcd12-8989-4f32-b408-c549f3b37cfe	1967e454c2e65921
2025-04-29	a5ba9d83-fbd8-465c-a325-b1fa8fc1c871	196829fa3bc39101
2025-04-30	5a05cbf6-791c-435b-b954-6322a9d621cc	196887a34b928b86
2025-05-03	805438d7-9160-4fcb-881b-23e1753d4cff	1969784ac12558bf
2025-05-04	0973a019-1c92-4689-9bd4-03d457844c7b	1969c8d41075af1e
2025-05-05	c039b7c9-a13f-4406-92ed-ba950f6f76b8	196a1e4cdf4ddf96
2025-05-06	228d5cb7-160b-4105-8284-924dd30115bd	196a6bdd196f4d69
2025-05-07	dc0ebac1-387d-4090-b508-d02f04ecfefc	196ac298fae27fdc
2025-05-08	7b6e4866-2f59-4733-8db0-94c44a216dab	196b110bc516b2d6
2025-08-21	c9238e57-3cc2-4e47-9165-aa0e96719e0f	198ce6fa039e6ef9
2025-09-23	c7568765-f848-47cc-aa1c-262cf37969bf	199787fcfef86eda
2025-10-04	515e9950-58f3-4558-8d57-54ead111475a	199b12cbbbd040f3
2025-10-06	4eed2895-d13c-4a4b-8c74-46903c5d1875	199ba84ca7dfcf00
2025-10-15	5f3d8051-a7a9-4ef8-9b9e-5989b5e37aa1	199e7eb50ed1e731
2025-11-05	e2aa0c59-b96b-478b-8684-9a3a7fd7ce5a	19a55b25fcfa541c
2025-11-07	f0789ac3-9e9f-4cce-a438-37e80554a879	19a6001af540f61b
2025-11-10	5dbea2dd-70c3-4656-9977-e045ae2aaa7a	19a6e2358dacccdd
2025-11-14	71b7e0fb-469c-490f-8f54-7573085dc842	19a831825b5a2f0c
2025-11-15	526e65c1-eb12-4d3e-a6f7-fac4c6d60dac	19a88e2658c46080
2025-11-16	efdee7f2-111f-4474-816d-23839add366c	19a8dde7dbd635a2
2026-01-02	51d996dd-b760-451f-bd9b-fef2ea6f7a22	19b804aab8ebeec8
2026-01-21	95af63c5-e640-4916-ab0e-e341d395e4db	19be1bff63a8e57c
2026-02-10	57d87c1c-e89c-4038-8b6d-c79577b20720	19c494261171181e
2026-02-24	bc7ca644-c2a9-4a6c-b363-908546450299	19c904ee0d362119
2026-03-01	db7b1471-2b65-4c4c-aee6-77a7154ad5be	19caac39995565ac
2026-06-07	b50992ab-7bd9-4e7b-a49e-5edd5be01006	19ea33bd7716c66e
2026-06-08	4db93c7b-2581-4543-9cac-1662bf0bfbc1	19ea959ca09673df
2026-06-09	31cb0c74-f36a-4749-b81f-00844030e350	19eae0c111f7c4ae
2026-06-10	36293d47-aa00-4210-9469-eeac00a7e233	19eb269fab474b63
2026-06-12	ee2fd007-eaf7-48bc-8e5a-19a59a32fd71	19ebcdaf26c3b903
2026-06-17	ca6bc224-57d2-44fc-80ce-8c2b9bf8a872	19ed6ecec0ef1bd6
2026-06-19	1be2434c-4403-473d-9a04-a37660e3cddc	19ee10be8deed0db
2026-06-21	4e2bfff9-a5f7-47c8-aae9-449e1a9a05cb	19eea5b6d75cf0b2
2026-06-23	b2245a17-6307-4638-b81e-ae693bbd9801	19ef5023049e684a
2026-06-24	a8411cf8-ad4c-40a2-b4ea-b7bfb4eb50db	19efbc8d81e65d2a
2026-06-28	0503e3c1-f7b9-402f-890f-d7701c4282b5	19f0f6903661956f
2026-06-29	fee134df-861e-473a-b788-c00488c83d4e	19f23284e187da81
2026-06-30	a02e7690-e39f-4aff-8da9-cafcd692a909	19f232884c15acff
2026-07-05	d6892527-a7e1-45d0-8ce4-10407a5bbf73	19f33891d52dae4f
2026-07-08	816c4733-f98a-4ec8-ae8c-32069b0e6999	19f438e4a7ebfe87
2026-07-10	626f4f9f-d7e2-4e7f-81a5-8e035d65e98d	19f4dabff9728730
2026-07-12	a281bae4-588a-45c9-b67a-020090458187	19f56f55a984ecbd
2026-07-13	2475881a-f45b-460f-bee3-cc493b3a5a91	19f5bd06e68f576d
2026-07-16	49625dae-5e5e-45fb-bee3-fcae4e705c51	19f6b6b0cfcc93f5
2026-07-17	1732d141-17f7-40e4-ba16-7c10133f8e0c	19f711adeb3b14f2
2026-07-20	61879735-c924-4f4e-8d92-11e00b260092	19f806cd58b0a0f4
2026-07-21	f99d881f-1d28-4e74-a2f1-559a46c56932	19f8534d58503a1d
2026-07-23	52472fa7-facf-4d33-b113-456bbe3f487d	19f8f5a59566ef79
2026-07-24	26e1f69c-0a41-49fc-960b-1943f2d00e21	19f9528e5b037820
2026-08-04	30cedbf3-5a9f-4ecc-b99e-f726bd135852	19fcd0eb843147f0
2026-08-05	8f33bfdb-9fda-4924-a47e-4fc2f61580ec	19fd276c01c66181
2026-08-06	96cb5efa-5e1e-4f23-9d82-5ff0e3a2fc07	19fd8699c6084c9f
2026-08-07	916442e4-7a8e-4e83-88ae-7d1c0cbd642b	19fddbf924df36db
2026-08-10	2b7fe123-1ba3-4e9e-9b5c-6b2069b99601	19fec71cd22603ca
2026-08-11	1db21d51-6250-40a2-9521-2a6def1c7234	19ff22bc579c50f0
2026-08-12	29b18ffe-39e8-4aaf-9fb9-fb41d3e4f68f	19ff76906cbfef21
2026-08-14	b8a20ac7-6d61-4ea9-b818-ff50a48ad2e7	1a000c64cb37735f
2026-08-15	4d3809c2-2cbb-4d9e-b828-0d3d69155fd4	1a0062a041d7853d
2026-08-17	0df6a7a8-7e73-4630-bd58-5b8a1dfebe92	1a0115134527815a
2026-08-23	11168f44-c610-42c5-b231-dc70e057badc	1a02f6affbda3045
2026-08-24	71231b6f-8306-4e70-8e89-681e5254793c	1a034840bdbfa9b3
2026-08-25	17df3d0c-f858-4388-8b85-6b1136c90f0d	1a03a3b56aed885f
2026-08-26	1904422f-1bd2-40fb-b72e-5910897a7b4d	1a040e7577797ee9
2026-08-28	babb1b49-0cc6-4189-8337-4877aa0c5bab	1a04b5731a3a3c2a
